인기 검색어,클릭수,노출,CTR,게재 순위
오타구 아파트,0,13,0%,30.23
meguro ward tokyo,0,5,0%,78.4
adachi ward,0,4,0%,71.25
ota ward,0,3,0%,72.33
ota ward tokyo,0,3,0%,76.33
ginza weekend street,0,2,0%,42.5
도쿄 23구 특징,0,2,0%,50.5
adachi ward tokyo,0,2,0%,74
shinagawa ward,0,2,0%,75.5
tokyo ota ward,0,2,0%,78
setagaya ward,0,2,0%,79.5
sumida ward,0,2,0%,86.5
hiratamori property ward,0,1,0%,8
minpakutoushi-journals real estate investment,0,1,0%,16
세타가야구 부촌,0,1,0%,24
도쿄 오타구,0,1,0%,29
긴자 서점,0,1,0%,34
tama ward,0,1,0%,50
도쿄 23 구 집값,0,1,0%,55
도쿄 23구 집값,0,1,0%,57
일본 지진 안전지역,0,1,0%,57
tokyo ward,0,1,0%,59
세타 가 야구,0,1,0%,63
tokyo 5 wards,0,1,0%,65
katsushika ward tokyo,0,1,0%,69
tokyo wards,0,1,0%,73
setagaya ward tokyo,0,1,0%,77
ota ward japan,0,1,0%,80